1	Camella	Lanchbury	clanchbury0@tmall.com	3.5
2	Keeley	Corneille	kcorneille1@simplemachines.org	3.88
3	Clerkclaude	Quare	cquare2@usgs.gov	2.03
4	Ginnie	O'Donnelly	godonnelly3@illinois.edu	2.02
5	Richmond	O'Corrigane	rocorrigane4@etsy.com	2.98
6	Allianora	Ewan	aewan5@un.org	2.91
7	Jeane	Oxley	joxley6@deliciousdays.com	2.25
8	Sibel	Normansell	snormansell7@google.es	3.69
9	Robb	Dyers	rdyers8@newsvine.com	3.87
10	Yoko	Texton	ytexton9@google.com.au	2.1
11	Wernher	Anthiftle	wanthiftlea@chicagotribune.com	3.34
12	Kalila	Connealy	kconnealyb@icq.com	3.39
13	Eddie	Grimme	egrimmec@discuz.net	2.26
14	Carena	Peak	cpeakd@dyndns.org	2.13
15	Ferrel	Jerdon	fjerdone@ning.com	3.32
16	Dasha	Abbyss	dabbyssf@reference.com	3.75
17	Shir	Stutt	sstuttg@google.com.au	3.47
18	Anica	Lysons	alysonsh@berkeley.edu	2.52
19	Wilmer	Hickisson	whickissoni@tuttocitta.it	3.4
20	Chelsae	Lacase	clacasej@walmart.com	3.0
21	Beatrix	Skitteral	bskitteralk@nba.com	3.07
22	Morgen	Maddern	mmaddernl@uol.com.br	3.42
23	Paige	Rubinovitsch	prubinovitschm@salon.com	2.34
24	Marylynne	Beaman	mbeamann@purevolume.com	3.2
25	Harald	Pattlel	hpattlelo@infoseek.co.jp	2.33
26	Jelene	Gelland	jgellandp@bizjournals.com	3.89
27	Pauline	Clemow	pclemowq@ask.com	2.83
28	Kala	Toffts	ktofftsr@blogspot.com	3.93
29	Sammy	Jerwood	sjerwoods@cmu.edu	2.66
30	Myer	Hasty	mhastyt@aol.com	2.61
31	Piotr	Bilbrook	pbilbrooku@issuu.com	3.82
32	Othelia	Lawling	olawlingv@reuters.com	2.24
33	Bryant	Synke	bsynkew@telegraph.co.uk	3.67
34	Virgie	Winney	vwinneyx@unesco.org	3.9
35	Jazmin	Prichet	jprichety@printfriendly.com	3.67
36	Desirae	Kelle	dkellez@macromedia.com	3.9
37	Kenna	Parradye	kparradye10@gizmodo.com	3.78
38	Cortie	Routley	croutley11@joomla.org	3.23
39	Eleonora	McInulty	emcinulty12@marketwatch.com	3.07
40	Peder	Jellett	pjellett13@apple.com	3.86
41	Minta	Geroldi	mgeroldi14@youku.com	2.64
42	Tremain	Strafen	tstrafen15@xinhuanet.com	2.59
43	Costanza	Blunn	cblunn16@apache.org	2.51
44	Goldi	Renault	grenault17@multiply.com	2.62
45	Ddene	Montrose	dmontrose18@hhs.gov	2.18
46	Ade	Sandels	asandels19@a8.net	2.11
47	Cash	Batteson	cbatteson1a@lulu.com	2.14
48	Farica	Klossek	fklossek1b@comsenz.com	3.6
49	Christye	Harms	charms1c@diigo.com	3.27
50	Dwight	Ruslinge	druslinge1d@archive.org	2.25
51	Doreen	Blaxley	dblaxley1e@apple.com	2.62
52	Dorthy	Arons	darons1f@chicagotribune.com	2.47
53	Boyce	Abarough	babarough1g@google.pl	3.5
54	Zondra	Spread	zspread1h@google.ru	2.85
55	Noll	Glas	nglas1i@yelp.com	3.09
56	Trev	Kebell	tkebell1j@cmu.edu	3.95
57	Joe	Upcraft	jupcraft1k@ibm.com	2.11
58	Esme	Waplinton	ewaplinton1l@devhub.com	2.57
59	Agustin	Eakens	aeakens1m@shop-pro.jp	2.61
60	Nettle	McHugh	nmchugh1n@gmpg.org	2.69
61	Alverta	Towriss	atowriss1o@ameblo.jp	3.3
62	Carling	Ladlow	cladlow1p@fema.gov	2.27
63	Valeria	Pero	vpero1q@php.net	2.08
64	Tynan	Norville	tnorville1r@networksolutions.com	2.2
65	Othello	Earsman	oearsman1s@amazon.com	3.75
66	Merle	Roberto	mroberto1t@geocities.com	2.97
67	Cathyleen	Twitty	ctwitty1u@istockphoto.com	3.82
68	Tootsie	Ferrettini	tferrettini1v@thetimes.co.uk	2.55
69	Chan	Staniforth	cstaniforth1w@youku.com	2.9
70	Kendall	Prescot	kprescot1x@behance.net	3.94
71	Melina	Inold	minold1y@blogspot.com	2.4
72	Darin	Chittock	dchittock1z@indiatimes.com	2.03
73	Hesther	Sotheby	hsotheby20@nationalgeographic.com	2.19
74	Jilly	Bozworth	jbozworth21@admin.ch	3.79
75	Kiley	Hacon	khacon22@auda.org.au	2.77
76	Hilary	Dudman	hdudman23@soundcloud.com	3.5
77	Roy	Gotling	rgotling24@engadget.com	3.08
78	Alexandrina	Macewan	amacewan25@lulu.com	2.09
79	Hartwell	Gowrich	hgowrich26@cdc.gov	3.8
80	West	Canny	wcanny27@chronoengine.com	3.89
81	Sheri	Baiss	sbaiss28@fastcompany.com	3.29
82	Scarlet	Gary	sgary29@plala.or.jp	2.14
83	Lory	Tortice	ltortice2a@github.com	3.95
84	Ermentrude	Ruger	eruger2b@elegantthemes.com	2.25
85	Chaddy	Cradey	ccradey2c@soup.io	2.71
86	Alain	Smillie	asmillie2d@blog.com	3.24
87	Gail	Pladen	gpladen2e@devhub.com	3.77
88	Melva	Birkenhead	mbirkenhead2f@nytimes.com	3.12
89	Moria	Kift	mkift2g@list-manage.com	3.11
90	Maure	Ottee	mottee2h@trellian.com	2.52
91	Aurora	Gai	agai2i@epa.gov	2.93
92	Clem	Aitken	caitken2j@sohu.com	3.82
93	Deane	Burwell	dburwell2k@cnet.com	3.47
94	Carolina	Wooffinden	cwooffinden2l@sakura.ne.jp	3.69
95	Bevvy	Clausewitz	bclausewitz2m@engadget.com	3.33
96	Luis	Pavy	lpavy2n@imgur.com	2.64
97	Lil	Barkes	lbarkes2o@sciencedaily.com	3.52
98	Doralynne	Danneil	ddanneil2p@mozilla.org	2.99
99	Britt	McSwan	bmcswan2q@tinyurl.com	2.8
100	Melesa	Baggott	mbaggott2r@thetimes.co.uk	2.94
101	Sharla	Clougher	sclougher2s@yandex.ru	3.92
102	Else	Legan	elegan2t@mayoclinic.com	3.34
103	Matias	Rapier	mrapier2u@hc360.com	2.96
104	Hattie	Cicchillo	hcicchillo2v@hugedomains.com	2.72
105	Loretta	Fagence	lfagence2w@craigslist.org	2.77
106	Lorry	Pimblett	lpimblett2x@dailymail.co.uk	2.13
107	Granny	Ivanyukov	givanyukov2y@clickbank.net	2.02
108	Nicol	Krysiak	nkrysiak2z@oaic.gov.au	3.74
109	Oliy	Breitler	obreitler30@dell.com	2.25
110	Abbey	Sailes	asailes31@tmall.com	2.87
111	Freddy	Drowsfield	fdrowsfield32@ycombinator.com	3.2
112	Robin	Adamiec	radamiec33@uiuc.edu	2.39
113	Ruthy	Boatwright	rboatwright34@live.com	2.85
114	Carlita	Desaur	cdesaur35@pinterest.com	2.17
115	Rosalyn	Megroff	rmegroff36@parallels.com	3.26
116	Malachi	Jaray	mjaray37@tinypic.com	2.78
117	Dorette	Hardaway	dhardaway38@google.co.jp	3.71
118	Sasha	Galea	sgalea39@biblegateway.com	3.12
119	Lawry	Peabody	lpeabody3a@archive.org	3.96
120	Heath	Dispencer	hdispencer3b@cdbaby.com	3.01
121	Isis	Huckabe	ihuckabe3c@cornell.edu	2.7
122	Wesley	Boodle	wboodle3d@google.ca	2.67
123	Sherman	Boldecke	sboldecke3e@apache.org	2.31
124	Kiah	Rumsby	krumsby3f@wired.com	2.16
125	Daryl	Noor	dnoor3g@webs.com	3.32
126	Irvin	Ribbon	iribbon3h@ocn.ne.jp	3.01
127	Ronni	Baulch	rbaulch3i@wired.com	3.11
128	Rafa	Guerrier	rguerrier3j@usnews.com	2.43
129	Bethena	Roebottom	broebottom3k@issuu.com	3.28
130	Mommy	Bozworth	mbozworth3l@nbcnews.com	2.63
131	Jilleen	Stubbeley	jstubbeley3m@acquirethisname.com	3.67
132	Peyton	Aprahamian	paprahamian3n@globo.com	2.3
133	Penny	Burkin	pburkin3o@hibu.com	3.25
134	Martie	McCullagh	mmccullagh3p@feedburner.com	2.45
135	Granville	Linn	glinn3q@blinklist.com	3.06
136	Briano	Wanden	bwanden3r@networksolutions.com	3.02
137	Peggie	Savery	psavery3s@discuz.net	2.77
138	Devlin	Badman	dbadman3t@virginia.edu	3.23
139	Renado	Outlaw	routlaw3u@amazon.co.uk	3.15
140	Ambrosius	Sadgrove	asadgrove3v@oakley.com	2.46
141	Orton	Standon	ostandon3w@hubpages.com	2.13
142	Rori	Giovannacc@i	rgiovannacci3x@bing.com	3.27
143	Mame	Grisbrook	mgrisbrook3y@shop-pro.jp	2.83
144	Ario	Korf	akorf3z@ovh.net	3.76
145	Sinclair	Besse	sbesse40@economist.com	3.77
146	Minta	Babbidge	mbabbidge41@disqus.com	2.51
147	Marietta	McCard	mmccard42@census.gov	3.46
148	Nikita	Fraser	nfraser43@posterous.com	3.22
149	Lothario	Mirrlees	lmirrlees44@alexa.com	2.28
150	Harmonie	Rakes	hrakes45@sciencedaily.com	2.26
151	Kassie	Britton	kbritton46@1688.com	2.2
152	Hattie	McNaught	hmcnaught47@liveinternet.ru	2.51
153	Damon	Haug	dhaug48@businessinsider.com	2.29
154	Chen	Wormald	cwormald49@disqus.com	3.94
155	Mareah	Ireson	mireson4a@spiegel.de	2.06
156	Tate	Sant	tsant4b@ustream.tv	2.02
157	Clive	Orriss	corriss4c@cpanel.net	2.13
158	Clerissa	Mailes	cmailes4d@engadget.com	2.43
159	Tandy	Berthelet	tberthelet4e@t.co	2.22
160	Mollee	Fearney	mfearney4f@jigsy.com	3.89
161	Kimmi	Teml	kteml4g@51.la	2.94
162	Germain	Guitel	gguitel4h@sina.com.cn	2.6
163	Hoyt	Guinn	hguinn4i@uol.com.br	2.06
164	Winifred	Aubri	waubri4j@delicious.com	3.54
165	Gunilla	Buckleigh	gbuckleigh4k@furl.net	2.18
166	Giacopo	Pinwill	gpinwill4l@wired.com	3.45
167	Salomon	Westrip	swestrip4m@theguardian.com	3.56
168	Shela	Reade	sreade4n@cbc.ca	3.95
169	Hunter	Bogue	hbogue4o@qq.com	2.36
170	Max	Averill	maverill4p@zimbio.com	2.83
171	Diane	Burges	dburges4q@bluehost.com	3.46
172	Tootsie	Cutajar	tcutajar4r@goo.gl	3.53
173	Emalee	Ride	eride4s@pcworld.com	2.49
174	Chic	Lenahan	clenahan4t@ameblo.jp	2.31
175	Kacie	Barradell	kbarradell4u@cam.ac.uk	3.31
176	Misti	Sharkey	msharkey4v@netvibes.com	2.75
177	Marika	Reedshaw	mreedshaw4w@google.com.br	2.84
178	Stillmann	Grunnill	sgrunnill4x@telegraph.co.uk	2.13
179	Lee	Bellelli	lbellelli4y@tamu.edu	3.37
180	Artair	Stenhouse	astenhouse4z@shutterfly.com	3.17
181	Clayborne	De Leek	cdeleek50@comsenz.com	2.33
182	Nanny	Tough	ntough51@bizjournals.com	3.11
183	Christoffer	Bernardez	cbernardez52@google.fr	3.85
184	Ripley	Dible	rdible53@oakley.com	3.67
185	Dulcea	Savidge	dsavidge54@prlog.org	3.68
186	Daisey	Hunnisett	dhunnisett55@merriam-webster.com	3.4
187	Lexy	Locarno	llocarno56@hhs.gov	3.06
188	Carie	Hawkslee	chawkslee57@t-online.de	2.91
189	Margarita	Twort	mtwort58@craigslist.org	2.91
190	Bella	Edington	bedington59@jalbum.net	2.17
191	Maurice	Mennithorp	mmennithorp5a@wsj.com	2.74
192	Berny	Dring	bdring5b@github.io	2.33
193	Rosie	Sottell	rsottell5c@arizona.edu	2.85
194	Dorey	Gotling	dgotling5d@tumblr.com	2.56
195	Kerby	Lulham	klulham5e@csmonitor.com	3.19
196	Toby	Hammonds	thammonds5f@example.com	2.51
197	Decca	Whitecross	dwhitecross5g@amazon.co.uk	3.11
198	Tyson	Booler	tbooler5h@techcrunch.com	3.29
199	Romola	Feldmus	rfeldmus5i@hatena.ne.jp	3.01
200	Kenn	Grammer	kgrammer5j@soundcloud.com	2.49
201	Yelena	Tudge	ytudge5k@fema.gov	2.04
202	Mick	Tipling	mtipling5l@hexun.com	3.54
203	Tildy	Penelli	tpenelli5m@multiply.com	2.1
204	Nicolai	Skouling	nskouling5n@businessinsider.com	3.02
205	Conchita	Spriggs	cspriggs5o@free.fr	3.36
206	Bogey	Gery	bgery5p@4shared.com	2.06
207	Cleveland	Ryce	cryce5q@barnesandnoble.com	3.12
208	Bernie	Ollivier	bollivier5r@ameblo.jp	3.19
209	Harvey	Petters	hpetters5s@sfgate.com	3.99
210	Nathaniel	Carrabot	ncarrabot5t@baidu.com	2.74
211	Rudolfo	Rowena	rrowena5u@amazon.co.uk	2.38
212	Rubina	Macoun	rmacoun5v@aol.com	2.48
213	Corenda	Brann	cbrann5w@gmpg.org	2.13
214	Huntington	Morforth	hmorforth5x@123-reg.co.uk	2.16
215	Justinn	Panchin	jpanchin5y@i2i.jp	2.27
216	Brandy	Tiuit	btiuit5z@123-reg.co.uk	2.97
217	Ranna	Pruvost	rpruvost60@bigcartel.com	2.73
218	Zsa zsa	Neave	zneave61@usgs.gov	2.93
219	Rowan	Bluett	rbluett62@rediff.com	3.78
220	Timofei	Rakes	trakes63@jigsy.com	3.05
221	Lorry	Cammell	lcammell64@blogger.com	2.02
222	Pepe	Puddan	ppuddan65@msu.edu	3.77
223	Rebbecca	Bickley	rbickley66@narod.ru	3.28
224	Fonz	Brownlee	fbrownlee67@smugmug.com	2.73
225	Willie	Rockhill	wrockhill68@cloudflare.com	2.4
226	Neysa	Sture	nsture69@sun.com	3.43
227	Dorey	Farrall	dfarrall6a@patch.com	2.08
228	Karlie	Greenside	kgreenside6b@bizjournals.com	3.66
229	Arnaldo	Dahlbom	adahlbom6c@fema.gov	2.65
230	Aleksandr	Wheldon	awheldon6d@webnode.com	3.94
231	Chrysler	Cotty	ccotty6e@godaddy.com	2.55
232	Gale	Shearsby	gshearsby6f@webnode.com	2.65
233	Murry	Segges	msegges6g@fda.gov	3.07
234	Dorine	Rigeby	drigeby6h@newyorker.com	3.67
235	Pieter	Robroe	probroe6i@google.pl	2.85
236	Abdul	Hendrickx	ahendrickx6j@mail.ru	3.76
237	Hervey	Cromleholme	hcromleholme6k@goodreads.com	3.71
238	Adrianna	Uttley	auttley6l@wired.com	3.22
239	Tildi	Buye	tbuye6m@bing.com	2.98
240	Doe	Rash	drash6n@zdnet.com	3.77
241	Levi	Hawk	lhawk6o@canalblog.com	3.87
242	Suzann	Neubigin	sneubigin6p@mail.ru	3.5
243	Gordy	Jeyness	gjeyness6q@surveymonkey.com	3.56
244	Olva	Heathcote	oheathcote6r@upenn.edu	2.36
245	Paulina	Dykes	pdykes6s@webeden.co.uk	2.7
246	Jamima	Reis	jreis6t@1und1.de	3.66
247	Gary	Edgars	gedgars6u@patch.com	3.06
248	Henrietta	Mettericke	hmettericke6v@nifty.com	3.08
249	Coral	Cutajar	ccutajar6w@xing.com	3.4
250	Steve	Semarke	ssemarke6x@shinystat.com	3.8
251	Ryun	Boston	rboston6y@ihg.com	3.5
252	Pippy	Hanwright	phanwright6z@apple.com	2.89
253	Christiane	Jacobi	cjacobi70@thetimes.co.uk	3.91
254	Maurise	Hamly	mhamly71@nationalgeographic.com	2.93
255	Rhodia	Meggison	rmeggison72@netvibes.com	3.04
256	Kaja	Brekonridge	kbrekonridge73@mediafire.com	3.87
257	Stephana	Nutten	snutten74@phpbb.com	2.91
258	Sharl	Dumpleton	sdumpleton75@people.com.cn	3.43
259	Melisenda	Scarsbrook	mscarsbrook76@europa.eu	3.13
260	Rex	Plenty	rplenty77@blogs.com	3.43
261	Gonzales	Pickavant	gpickavant78@sogou.com	3.83
262	Creighton	McConway	cmcconway79@nationalgeographic.com	2.67
263	Fara	Claremont	fclaremont7a@unicef.org	3.07
264	Hewett	Merveille	hmerveille7b@indiegogo.com	2.04
265	Graehme	Goring	ggoring7c@netlog.com	2.8
266	Miranda	Mantrip	mmantrip7d@digg.com	3.04
267	Aguste	Willavize	awillavize7e@bloomberg.com	2.05
268	Aldin	Rain	arain7f@apple.com	2.11
269	Kennedy	Devaney	kdevaney7g@cafepress.com	2.08
270	Ora	Fatscher	ofatscher7h@china.com.cn	2.63
271	Hamnet	Dwyer	hdwyer7i@independent.co.uk	3.43
272	Erinna	Alvey	ealvey7j@theatlantic.com	2.75
273	Ancell	Bastie	abastie7k@nps.gov	2.3
274	Pat	Demschke	pdemschke7l@mtv.com	2.68
275	Daniella	De la Yglesias	ddelayglesias7m@twitter.com	3.75
276	Briny	Bottini	bbottini7n@hp.com	2.6
277	Dallas	Tolotti	dtolotti7o@liveinternet.ru	2.77
278	Gerhard	Magner	gmagner7p@fc2.com	2.18
279	Wood	Crofthwaite	wcrofthwaite7q@businessweek.com	2.2
280	Gustie	Fabbri	gfabbri7r@google.co.uk	2.06
281	Keri	Haggleton	khaggleton7s@gizmodo.com	3.34
282	Lauraine	O' Kelleher	lokelleher7t@tinypic.com	3.91
283	Franciskus	Beetles	fbeetles7u@amazon.co.jp	2.64
284	Alix	Erat	aerat7v@fda.gov	3.01
285	Curtice	De Blasi	cdeblasi7w@bloglovin.com	3.67
286	Neille	Swaffer	nswaffer7x@apple.com	3.38
287	Melanie	Pedden	mpedden7y@google.nl	3.95
288	Norbert	Baake	nbaake7z@devhub.com	3.28
289	Duane	Abbati	dabbati80@zimbio.com	3.51
290	Filippo	Coghlin	fcoghlin81@marriott.com	2.68
291	Shermy	Turnpenny	sturnpenny82@blinklist.com	2.63
292	Susana	Shoosmith	sshoosmith83@economist.com	3.05
293	Robby	Edkins	redkins84@wikia.com	3.0
294	Maxim	Picopp	mpicopp85@cam.ac.uk	3.56
295	Sterne	Cromwell	scromwell86@altervista.org	2.03
296	Auroora	La Wille	alawille87@gizmodo.com	2.74
297	Darb	Leif	dleif88@imgur.com	2.78
298	Alistair	Chastey	achastey89@jalbum.net	2.34
299	Sydney	Lakenton	slakenton8a@newsvine.com	3.49
300	Robbie	Gradon	rgradon8b@nyu.edu	3.75
301	Justinian	Essery	jessery8c@seattletimes.com	2.44
302	Wilt	Corke	wcorke8d@smugmug.com	3.16
303	Merrie	Kingsford	mkingsford8e@wired.com	3.21
304	Chrissie	Clymer	cclymer8f@gmpg.org	3.63
305	Katina	Vala	kvala8g@imgur.com	3.05
306	Eveline	Beveridge	ebeveridge8h@ed.gov	2.69
307	Zola	Leward	zleward8i@newsvine.com	3.51
308	Ulrica	Hitzschke	uhitzschke8j@umich.edu	2.77
309	Dottie	Mazonowicz	dmazonowicz8k@earthlink.net	2.17
310	Fara	Rigard	frigard8l@infoseek.co.jp	3.05
311	Kristien	Keasey	kkeasey8m@nature.com	3.17
312	Albina	Kennifick	akennifick8n@icq.com	3.33
313	Townie	Slogrove	tslogrove8o@statcounter.com	3.76
314	Natty	Masseo	nmasseo8p@netvibes.com	3.95
315	Patrizio	Grinsted	pgrinsted8q@livejournal.com	3.88
316	Waylan	Benck	wbenck8r@ycombinator.com	2.28
317	Onida	Punchard	opunchard8s@howstuffworks.com	3.17
318	Cristian	Eaglen	ceaglen8t@chron.com	3.5
319	Emmy	Corneljes	ecorneljes8u@ebay.com	3.48
320	Arley	Golton	agolton8v@addtoany.com	2.32
321	Alvie	Melchior	amelchior8w@gov.uk	2.26
322	Maurene	Eefting	meefting8x@usgs.gov	2.54
323	Beverly	Dalley	bdalley8y@seattletimes.com	2.83
324	Elissa	Dongall	edongall8z@free.fr	2.41
325	Giselle	Spragg	gspragg90@ycombinator.com	2.2
326	Chaim	Kingaby	ckingaby91@wikia.com	2.9
327	Arliene	Matissoff	amatissoff92@i2i.jp	2.82
328	Mischa	Piggen	mpiggen93@diigo.com	3.32
329	Keely	Pester	kpester94@timesonline.co.uk	2.39
330	Bryon	Ruf	bruf95@nytimes.com	3.32
331	Dyna	Headley	dheadley96@house.gov	2.3
332	Kissie	Kensit	kkensit97@livejournal.com	3.4
333	Helli	Dumphreys	hdumphreys98@technorati.com	3.22
334	Ardith	Standen	astanden99@kickstarter.com	3.08
335	Emmerich	Bediss	ebediss9a@eepurl.com	2.28
336	Raymund	Di Maria	rdimaria9b@myspace.com	3.16
337	Jodee	Diem	jdiem9c@tumblr.com	3.98
338	Trudey	Negro	tnegro9d@fema.gov	2.7
339	Joan	Gerckens	jgerckens9e@edublogs.org	2.87
340	Mile	Yanshonok	myanshonok9f@toplist.cz	2.79
341	Sampson	Arzu	sarzu9g@toplist.cz	3.79
342	Ilyssa	Aleksic	ialeksic9h@nydailynews.com	2.41
343	Timmy	Foxley	tfoxley9i@ted.com	2.99
344	Lauren	Andrusov	landrusov9j@weather.com	3.62
345	Heath	Callender	hcallender9k@smugmug.com	3.8
346	Ruthanne	Tangye	rtangye9l@si.edu	2.99
347	Bent	Barreau	bbarreau9m@squidoo.com	2.87
348	Fidelity	Glauber	fglauber9n@aol.com	2.43
349	Welch	Witcher	wwitcher9o@usda.gov	4.0
350	Seymour	Thornebarrow	sthornebarrow9p@aboutads.info	2.27
351	Roby	de Najera	rdenajera9q@yahoo.co.jp	2.74
352	Avis	Braund	abraund9r@merriam-webster.com	2.39
353	Hugo	Dutnall	hdutnall9s@fda.gov	3.19
354	Yvon	Sayward	ysayward9t@sun.com	3.94
355	Ruthann	Kleinschmidt	rkleinschmidt9u@mtv.com	3.65
356	Chrysler	Auger	cauger9v@ox.ac.uk	3.7
357	Haley	Purle	hpurle9w@elegantthemes.com	3.54
358	Franky	Lillico	flillico9x@flavors.me	2.29
359	Christel	Crim	ccrim9y@surveymonkey.com	3.99
360	Aila	Sterrick	asterrick9z@economist.com	2.75
361	Carlyle	Hendren	chendrena0@uiuc.edu	3.69
362	Will	Giocannoni	wgiocannonia1@godaddy.com	2.05
363	Melantha	Brabender	mbrabendera2@ebay.com	3.11
364	Ingeborg	Milbank	imilbanka3@over-blog.com	2.04
365	Petronella	Loyns	ploynsa4@123-reg.co.uk	3.82
366	Quinlan	Scoggin	qscoggina5@state.gov	2.38
367	Harald	Staines	hstainesa6@gmpg.org	2.09
368	Igor	Ruusa	iruusaa7@cbslocal.com	2.46
369	Alia	Blaxton	ablaxtona8@hatena.ne.jp	2.47
370	Claudia	Harvison	charvisona9@wikispaces.com	2.09
371	Sauncho	McGarvie	smcgarvieaa@sogou.com	3.87
372	Raquela	Humberston	rhumberstonab@imdb.com	2.99
373	Jacinda	Haddeston	jhaddestonac@sitemeter.com	2.16
374	Portia	Derby	pderbyad@wsj.com	2.57
375	Huberto	Statham	hstathamae@fc2.com	2.19
376	Nat	Windross	nwindrossaf@deviantart.com	2.09
377	Ricoriki	Sizzey	rsizzeyag@facebook.com	3.37
378	Dante	Dysart	ddysartah@scientificamerican.com	2.73
379	Guinna	Hughman	ghughmanai@nhs.uk	3.7
380	Nap	Braycotton	nbraycottonaj@google.es	2.63
381	Meredith	Costen	mcostenak@icio.us	2.31
382	Dyanna	Forson	dforsonal@linkedin.com	2.63
383	Bancroft	Wildblood	bwildbloodam@sbwire.com	3.33
384	Isacco	O'Shee	iosheean@unc.edu	3.19
385	Isaak	Strotone	istrotoneao@wikimedia.org	3.54
386	Glenn	Ferreira	gferreiraap@businessweek.com	2.06
387	Carlynne	Yakubov	cyakubovaq@wikimedia.org	3.77
388	Estrella	Lickorish	elickorishar@sohu.com	3.85
389	Corrina	Dradey	cdradeyas@google.es	3.54
390	Anastassia	Mila	amilaat@nih.gov	3.52
391	Karoly	Antos	kantosau@live.com	2.65
392	Teodor	Brunetti	tbrunettiav@un.org	3.88
393	Redd	Fahrenbacher	rfahrenbacheraw@springer.com	2.33
394	Normy	Gritsunov	ngritsunovax@npr.org	2.75
395	Trixi	Boxell	tboxellay@mapquest.com	3.93
396	Karia	Colborn	kcolbornaz@booking.com	3.3
397	Barnett	Juszkiewicz	bjuszkiewiczb0@furl.net	2.17
398	Emelda	Gainor	egainorb1@istockphoto.com	2.89
399	Luce	Higounet	lhigounetb2@census.gov	2.09
400	Jorry	Elgram	jelgramb3@soup.io	3.11
401	Willy	Hobble	whobbleb4@time.com	2.69
402	Dorri	Goodfellow	dgoodfellowb5@paginegialle.it	3.85
403	Shelbi	Plews	splewsb6@reuters.com	3.62
404	Thadeus	Malloy	tmalloyb7@nymag.com	2.34
405	Jade	Wingar	jwingarb8@goodreads.com	3.93
406	Heinrick	Jirasek	hjirasekb9@goo.ne.jp	3.04
407	Worthy	Edelman	wedelmanba@weebly.com	2.11
408	Terra	Greenless	tgreenlessbb@google.de	2.76
409	Millie	Alliott	malliottbc@alexa.com	3.0
410	Brita	McKennan	bmckennanbd@ca.gov	3.45
411	Raddie	Hairs	rhairsbe@reuters.com	2.6
412	Eldridge	Duchatel	educhatelbf@usda.gov	3.76
413	Hollie	Clavering	hclaveringbg@skyrock.com	2.65
414	Wheeler	Eastcott	weastcottbh@vimeo.com	2.73
415	Rog	Castelin	rcastelinbi@hc360.com	3.51
416	Hernando	Norheny	hnorhenybj@instagram.com	2.0
417	Karena	Kauschke	kkauschkebk@time.com	2.05
418	Jilly	Ainsby	jainsbybl@example.com	2.59
419	Jon	Leadstone	jleadstonebm@youtube.com	2.46
420	Lacee	Yeardsley	lyeardsleybn@dmoz.org	3.66
421	Barde	Morkham	bmorkhambo@aol.com	2.55
422	Aime	D'Elia	adeliabp@google.pl	2.54
423	Franklin	Carefull	fcarefullbq@time.com	2.65
424	Dorine	Forst	dforstbr@nbcnews.com	2.67
425	Robby	MacMillan	rmacmillanbs@independent.co.uk	3.34
426	Leone	Trimby	ltrimbybt@imageshack.us	3.81
427	Lara	Lucey	lluceybu@youku.com	3.58
428	Sherye	Sachno	ssachnobv@smugmug.com	3.55
429	Nataline	Puddin	npuddinbw@histats.com	3.33
430	Basilio	Osichev	bosichevbx@hubpages.com	3.4
431	Rena	Bushill	rbushillby@ucsd.edu	2.2
432	Kellen	Leftley	kleftleybz@icq.com	3.78
433	Kristi	Gabbitus	kgabbitusc0@auda.org.au	2.63
434	Valeria	Fery	vferyc1@home.pl	3.23
435	Shelagh	Bluschke	sbluschkec2@a8.net	3.75
436	Wyn	Frazier	wfrazierc3@networkadvertising.org	2.95
437	Theresita	Chafer	tchaferc4@a8.net	2.09
438	Shani	Brumble	sbrumblec5@blogger.com	3.53
439	Tiffani	Dowzell	tdowzellc6@simplemachines.org	3.86
440	Rick	Clissell	rclissellc7@paypal.com	3.92
441	Laney	Gather	lgatherc8@woothemes.com	2.96
442	Elna	Farquarson	efarquarsonc9@blogtalkradio.com	2.29
443	Renelle	Hamley	rhamleyca@mlb.com	2.3
444	Cymbre	Handling	chandlingcb@admin.ch	3.03
445	Melitta	Fundell	mfundellcc@woothemes.com	3.63
446	Rriocard	Mazdon	rmazdoncd@nsw.gov.au	3.41
447	Reese	Pattington	rpattingtonce@gmpg.org	2.5
448	Saloma	Portriss	sportrisscf@devhub.com	2.79
449	Forbes	Langmaid	flangmaidcg@behance.net	2.19
450	Angelle	Lindelof	alindelofch@studiopress.com	2.01
451	Jaye	Lipsett	jlipsettci@un.org	2.45
452	Kendre	Patriche	kpatrichecj@imageshack.us	2.24
453	Joelynn	Larrosa	jlarrosack@surveymonkey.com	3.83
454	Barrie	Fasey	bfaseycl@yolasite.com	3.59
455	Mignon	Basilone	mbasilonecm@illinois.edu	3.31
456	Benedikt	Windsor	bwindsorcn@discuz.net	3.97
457	Saudra	Isherwood	sisherwoodco@angelfire.com	2.45
458	Husein	Kobus	hkobuscp@1688.com	3.74
459	Fulton	Oxlade	foxladecq@timesonline.co.uk	3.34
460	Bevan	Bawden	bbawdencr@columbia.edu	2.29
461	Vidovik	Babbidge	vbabbidgecs@de.vu	2.27
462	Aeriela	Keep	akeepct@photobucket.com	2.36
463	Chrissy	Hartup	chartupcu@gov.uk	2.12
464	Jenny	Frounks	jfrounkscv@lycos.com	2.89
465	Leontyne	Scammonden	lscammondencw@ustream.tv	3.21
466	Pinchas	Sibbald	psibbaldcx@elegantthemes.com	3.32
467	Jasmina	Pruckner	jprucknercy@flavors.me	3.58
468	Prudy	Quarterman	pquartermancz@washingtonpost.com	2.25
469	Maxy	Myers	mmyersd0@twitter.com	2.91
470	Anthe	Catterick	acatterickd1@java.com	2.56
471	Erda	Lichfield	elichfieldd2@altervista.org	2.85
472	Ingunna	Schukert	ischukertd3@businesswire.com	3.4
473	Leontine	Bartozzi	lbartozzid4@tripadvisor.com	2.27
474	Marie-jeanne	Mateev	mmateevd5@ucoz.com	3.4
475	Marcy	Longthorne	mlongthorned6@tripod.com	3.57
476	Charmine	Meaking	cmeakingd7@yahoo.co.jp	3.47
477	Rich	Marrington	rmarringtond8@irs.gov	2.29
478	Clemens	Grice	cgriced9@desdev.cn	3.41
479	Nealy	Simonsson	nsimonssonda@nationalgeographic.com	3.28
480	Urbanus	Avramovich	uavramovichdb@ft.com	2.96
481	Astra	Vye	avyedc@facebook.com	3.76
482	Ema	Eberz	eeberzdd@harvard.edu	2.28
483	Igor	Woodley	iwoodleyde@twitter.com	3.0
484	Jelene	Willwood	jwillwooddf@addthis.com	2.94
485	Erica	Denley	edenleydg@wsj.com	2.39
486	Cherilyn	Flowerdew	cflowerdewdh@nature.com	3.82
487	Lenette	Gurnett	lgurnettdi@techcrunch.com	2.62
488	Sacha	Grigolli	sgrigollidj@google.it	3.23
489	Anton	Wogdon	awogdondk@mac.com	3.49
490	Maribel	Dunkley	mdunkleydl@cnn.com	3.8
491	Lida	Stitfall	lstitfalldm@ox.ac.uk	3.98
492	Ninnette	Chinge	nchingedn@printfriendly.com	2.28
493	Berkley	Attenbrow	battenbrowdo@360.cn	3.62
494	Verna	Hilhouse	vhilhousedp@parallels.com	2.95
495	Serene	Monnelly	smonnellydq@marriott.com	3.39
496	Ulysses	Posnette	uposnettedr@topsy.com	2.24
497	Thorvald	Hedden	theddends@seattletimes.com	2.14
498	Hakim	Mathou	hmathoudt@slideshare.net	3.49
499	Lucille	Perring	lperringdu@patch.com	2.53
500	Iorgos	Forrestill	iforrestilldv@rakuten.co.jp	2.86
501	Aileen	Montacute	amontacutedw@hp.com	2.01
502	Adham	Holhouse	aholhousedx@elpais.com	2.09
503	Pall	Newton	pnewtondy@gravatar.com	2.03
504	Halimeda	China	hchinadz@printfriendly.com	2.5
505	Aurelie	Mayes	amayese0@yahoo.com	2.6
506	Edd	Scawn	escawne1@ifeng.com	2.11
507	Reagen	Sedgefield	rsedgefielde2@ezinearticles.com	3.05
508	Parry	Cow	pcowe3@marketwatch.com	2.75
509	Meta	Milmith	mmilmithe4@ow.ly	3.54
510	Verene	Ormston	vormstone5@mashable.com	2.54
511	Enrique	Bosson	ebossone6@wikipedia.org	2.18
512	Isacco	Withams	iwithamse7@ftc.gov	2.48
513	Brook	Horsewood	bhorsewoode8@umich.edu	2.69
514	Lexi	Charter	lchartere9@amazon.co.jp	3.51
515	Gertruda	Franc	gfrancea@mayoclinic.com	2.06
516	Chelsie	Parrington	cparringtoneb@cyberchimps.com	3.28
517	Bond	Eagle	beagleec@rediff.com	2.58
518	Leann	Fattorini	lfattorinied@ed.gov	3.13
519	Fred	Tonbridge	ftonbridgeee@usnews.com	3.21
520	Vicky	Fullun	vfullunef@blogtalkradio.com	2.15
521	Ajay	Natte	anatteeg@amazon.de	3.13
522	Gerry	Brydson	gbrydsoneh@github.com	3.51
523	Isiahi	Ledur	iledurei@over-blog.com	3.97
524	Aloisia	Abbes	aabbesej@msn.com	3.11
525	Saba	Casserly	scasserlyek@ucoz.ru	3.57
526	Tersina	Pittway	tpittwayel@scribd.com	3.28
527	Libbey	Ziemecki	lziemeckiem@geocities.com	3.8
528	Becki	Gowar	bgowaren@ucsd.edu	2.03
529	Stoddard	Byas	sbyaseo@huffingtonpost.com	2.51
530	Andie	Mindenhall	amindenhallep@rakuten.co.jp	2.64
531	Reese	Jurek	rjurekeq@networksolutions.com	2.86
532	Carole	Mougeot	cmougeoter@youtube.com	3.21
533	Angelo	Speedy	aspeedyes@blog.com	2.14
534	Jackson	Arnell	jarnellet@skype.com	2.72
535	Michel	Panton	mpantoneu@nps.gov	2.58
536	Fletcher	Oxbie	foxbieev@liveinternet.ru	3.3
537	Mitzi	Johl	mjohlew@uiuc.edu	2.94
538	Bianka	Southard	bsouthardex@cnet.com	2.04
539	Patton	Godsafe	pgodsafeey@newsvine.com	3.42
540	Cassie	Beese	cbeeseez@dell.com	3.99
541	Zoe	Martt	zmarttf0@cocolog-nifty.com	2.69
542	Horst	Walenta	hwalentaf1@hatena.ne.jp	2.26
543	Daloris	Dallander	ddallanderf2@paypal.com	2.64
544	Ardenia	Palia	apaliaf3@slideshare.net	2.56
545	Quinton	Waldram	qwaldramf4@canalblog.com	2.51
546	Jard	Tonsley	jtonsleyf5@angelfire.com	3.0
547	Karlie	Hefforde	kheffordef6@diigo.com	3.32
548	Maxi	Caulder	mcaulderf7@cnbc.com	3.78
549	Sabina	Demead	sdemeadf8@indiegogo.com	2.6
550	Catlaina	Goude	cgoudef9@sciencedaily.com	4.0
551	Wainwright	Fawdery	wfawderyfa@businesswire.com	3.78
552	Thekla	Moulder	tmoulderfb@redcross.org	3.12
553	Emlen	Swett	eswettfc@disqus.com	2.92
554	Field	Bramley	fbramleyfd@bbb.org	3.59
555	Danyette	Blaw	dblawfe@hatena.ne.jp	3.12
556	Nerta	Gillman	ngillmanff@t.co	3.93
557	Udell	Bridger	ubridgerfg@cbslocal.com	2.22
558	Marshall	Manueli	mmanuelifh@ocn.ne.jp	2.42
559	Kristos	Drabble	kdrabblefi@parallels.com	3.56
560	Cherilynn	Brameld	cbrameldfj@miitbeian.gov.cn	3.65
561	Wheeler	Flaxon	wflaxonfk@wunderground.com	3.31
562	Guinevere	Peatheyjohns	gpeatheyjohnsfl@google.it	3.25
563	Vachel	Burnett	vburnettfm@vimeo.com	3.78
564	Kleon	Beauchop	kbeauchopfn@nps.gov	2.79
565	Jonathon	Lombardo	jlombardofo@google.com.au	2.46
566	Franchot	O'Fihily	fofihilyfp@lycos.com	2.46
567	Brew	Trittam	btrittamfq@surveymonkey.com	3.61
568	Lyssa	Relton	lreltonfr@bizjournals.com	3.18
569	Lou	Leafe	lleafefs@mit.edu	2.62
570	Vladimir	Fritchly	vfritchlyft@ucsd.edu	3.74
571	Fitzgerald	Held	fheldfu@ucoz.com	2.74
572	Janela	Simoncello	jsimoncellofv@cdbaby.com	2.59
573	Lonny	Wringe	lwringefw@shutterfly.com	2.76
574	Bibbie	McWard	bmcwardfx@utexas.edu	3.0
575	Priscilla	Heazel	pheazelfy@hud.gov	2.32
576	Karole	Yates	kyatesfz@oakley.com	2.1
577	Elyse	Pilipyak	epilipyakg0@blogs.com	3.0
578	Beitris	Britt	bbrittg1@alexa.com	3.19
579	Mariellen	Owain	mowaing2@newsvine.com	2.38
580	Bonnibelle	Davenport	bdavenportg3@merriam-webster.com	3.96
581	Ailee	Linay	alinayg4@mozilla.org	2.28
582	Natalie	Brickham	nbrickhamg5@shareasale.com	3.68
583	Adham	Moylane	amoylaneg6@ifeng.com	3.88
584	Roseann	Jeffryes	rjeffryesg7@gmpg.org	2.17
585	Wenonah	Ellif	wellifg8@fc2.com	2.19
586	Doria	Aldcorne	daldcorneg9@weibo.com	2.51
587	Harley	Giddens	hgiddensga@hugedomains.com	2.71
588	Claudine	Abadam	cabadamgb@theatlantic.com	2.61
589	Burgess	Izzard	bizzardgc@pen.io	2.31
590	Whitby	Porch	wporchgd@over-blog.com	2.02
591	Darice	Harron	dharronge@tinypic.com	3.44
592	Jodie	Foye	jfoyegf@prweb.com	3.23
593	Etheline	Piddle	epiddlegg@aol.com	2.16
594	Guinevere	Beak	gbeakgh@tripod.com	3.33
595	Tony	Shirlaw	tshirlawgi@independent.co.uk	3.41
596	Lammond	Trevarthen	ltrevarthengj@last.fm	3.4
597	Bernhard	Polini	bpolinigk@blogtalkradio.com	2.28
598	Othilia	Redmond	oredmondgl@networksolutions.com	2.02
599	Sadella	Dufore	sduforegm@youtu.be	3.86
600	Consuela	Bertwistle	cbertwistlegn@census.gov	3.82
601	Shanna	Gorringe	sgorringego@nyu.edu	3.56
602	Joanne	Cary	jcarygp@patch.com	2.19
603	Curt	Freiberg	cfreiberggq@histats.com	3.49
604	Aymer	Rusbridge	arusbridgegr@topsy.com	3.68
605	Sari	Dally	sdallygs@ovh.net	2.89
606	Cindy	Brummell	cbrummellgt@livejournal.com	2.01
607	Roberta	Bulled	rbulledgu@ca.gov	2.56
608	Corey	Newvell	cnewvellgv@i2i.jp	2.34
609	Babbette	Rathbone	brathbonegw@51.la	3.89
610	Walker	Proby	wprobygx@blogtalkradio.com	3.08
611	Hilary	Swash	hswashgy@cdc.gov	2.74
612	Roth	Burbage	rburbagegz@seattletimes.com	3.94
613	Lura	Passion	lpassionh0@reuters.com	3.1
614	Benedict	Feighry	bfeighryh1@blogspot.com	2.32
615	Cynthy	Sealey	csealeyh2@free.fr	2.42
616	Lynde	Seed	lseedh3@dion.ne.jp	4.0
617	Chadwick	Trewhela	ctrewhelah4@dropbox.com	2.65
618	Cymbre	Tinston	ctinstonh5@scribd.com	3.08
619	Dick	Weare	dweareh6@odnoklassniki.ru	2.77
620	Tricia	Scurry	tscurryh7@dyndns.org	3.56
621	Aigneis	Jeggo	ajeggoh8@comcast.net	3.98
622	Debor	Youthead	dyoutheadh9@creativecommons.org	3.23
623	Bruis	Matityahu	bmatityahuha@nps.gov	3.81
624	Felipa	Tortice	ftorticehb@hostgator.com	2.7
625	Gratia	Queen	gqueenhc@vinaora.com	3.08
626	Ruprecht	Duffin	rduffinhd@jimdo.com	2.19
627	Nerty	Dickens	ndickenshe@ebay.com	2.97
628	Georgia	Stothart	gstotharthf@cnet.com	3.4
629	Odelle	Proudlove	oproudlovehg@wp.com	2.62
630	Pippo	Braun	pbraunhh@vk.com	2.67
631	Anastasie	Aseef	aaseefhi@google.pl	3.88
632	Stephanie	Pfaffe	spfaffehj@pen.io	3.77
633	Miriam	Skarman	mskarmanhk@webnode.com	2.89
634	Bart	Bridger	bbridgerhl@alibaba.com	3.32
635	Kennie	Wellard	kwellardhm@simplemachines.org	3.35
636	Edythe	Monksfield	emonksfieldhn@stanford.edu	2.57
637	Clyve	Risely	criselyho@clickbank.net	2.14
638	Rubina	Biddle	rbiddlehp@ifeng.com	2.16
639	Christian	Napton	cnaptonhq@youku.com	3.53
640	Mitchell	Steggles	msteggleshr@lycos.com	2.82
641	Moyra	Meneur	mmeneurhs@macromedia.com	2.92
642	Clifford	Quodling	cquodlinght@miibeian.gov.cn	3.16
643	Huey	Devonport	hdevonporthu@trellian.com	2.47
644	Kara	Maurice	kmauricehv@icq.com	2.52
645	Currie	Bakster	cbaksterhw@sfgate.com	3.15
646	Angelika	Hunte	ahuntehx@liveinternet.ru	3.44
647	Ellswerth	Coxall	ecoxallhy@nhs.uk	2.03
648	Gillian	Crinkley	gcrinkleyhz@time.com	2.11
649	Filbert	Buckbee	fbuckbeei0@guardian.co.uk	3.97
650	Carol	Guiot	cguioti1@blogger.com	2.79
651	Orbadiah	Bachellier	obachellieri2@apple.com	2.68
652	Duff	MacManus	dmacmanusi3@symantec.com	3.58
653	Saleem	Matteoli	smatteolii4@etsy.com	2.96
654	Arabella	Gazzard	agazzardi5@tinyurl.com	3.84
655	Jacob	Harriss	jharrissi6@purevolume.com	3.59
656	Siobhan	Kedge	skedgei7@businessweek.com	2.71
657	Johannes	Whilde	jwhildei8@webeden.co.uk	2.48
658	Kennedy	Selwyne	kselwynei9@woothemes.com	3.1
659	Rocky	Josephi	rjosephiia@google.com	2.19
660	Kevin	Jahnisch	kjahnischib@wordpress.com	2.65
661	Cris	Stute	cstuteic@msn.com	2.28
662	Caspar	Sabbatier	csabbatierid@toplist.cz	2.24
663	Thayne	Dearan	tdearanie@yellowpages.com	2.08
664	Yoshi	Wintersgill	ywintersgillif@comsenz.com	3.52
665	Merola	Waugh	mwaughig@house.gov	3.66
666	Joelynn	Spurgeon	jspurgeonih@pcworld.com	2.73
667	Saxon	Ianiello	sianielloii@ucoz.com	3.07
668	Worthington	Barenskie	wbarenskieij@foxnews.com	3.29
669	Rosanne	Bulbrook	rbulbrookik@addthis.com	3.92
670	Aloysius	Whightman	awhightmanil@amazon.de	3.97
671	Raimundo	Winser	rwinserim@photobucket.com	2.48
672	Marjorie	Sustins	msustinsin@webnode.com	3.5
673	Stacia	Meneely	smeneelyio@arstechnica.com	2.86
674	Grantham	Stuchberry	gstuchberryip@imgur.com	3.69
675	Belicia	Dewen	bdeweniq@163.com	2.76
676	Jacquenette	Tribbeck	jtribbeckir@trellian.com	2.66
677	Jon	Parnaby	jparnabyis@fc2.com	2.69
678	Basil	Paoletto	bpaolettoit@t.co	2.31
679	Roze	Takos	rtakosiu@sourceforge.net	3.2
680	Heida	Trayling	htraylingiv@unicef.org	2.81
681	Tirrell	Insall	tinsalliw@woothemes.com	3.33
682	Linda	Lyosik	llyosikix@networksolutions.com	2.77
683	Fancie	Kalb	fkalbiy@stanford.edu	3.51
684	Sibylla	Keasley	skeasleyiz@adobe.com	3.51
685	Mario	Pass	mpassj0@linkedin.com	3.89
686	Kathi	Dunbleton	kdunbletonj1@statcounter.com	2.06
687	Trudy	Caseley	tcaseleyj2@hao123.com	3.67
688	Rafaelia	Gillison	rgillisonj3@51.la	2.79
689	Aurie	Pettiward	apettiwardj4@com.com	2.74
690	Shell	Heliot	sheliotj5@github.io	2.51
691	Mufinella	O'Cannon	mocannonj6@dedecms.com	2.05
692	Blaire	Kalf	bkalfj7@ihg.com	3.19
693	Quint	Brosch	qbroschj8@unblog.fr	3.0
694	Lelia	Penwright	lpenwrightj9@ning.com	3.06
695	Jacky	Barfield	jbarfieldja@stanford.edu	3.61
696	Leland	Dopson	ldopsonjb@mlb.com	3.58
697	Fiann	Grimsell	fgrimselljc@webeden.co.uk	3.69
698	Kandace	Gobbet	kgobbetjd@elegantthemes.com	2.34
699	Natty	Adriaan	nadriaanje@oracle.com	2.15
700	Allegra	Mathew	amathewjf@biglobe.ne.jp	3.81
701	Felita	Scattergood	fscattergoodjg@craigslist.org	3.45
702	Chadwick	Bartalini	cbartalinijh@go.com	2.98
703	Laverne	Sadry	lsadryji@oaic.gov.au	3.32
704	Layton	Loddy	lloddyjj@archive.org	2.61
705	Molly	Sherville	mshervillejk@deviantart.com	2.13
706	Der	Bagworth	dbagworthjl@engadget.com	3.52
707	Nedda	Sellan	nsellanjm@senate.gov	2.08
708	Othilie	Battrick	obattrickjn@dailymotion.com	2.98
709	Bev	Mattys	bmattysjo@eepurl.com	3.34
710	Thaddeus	Batcheldor	tbatcheldorjp@google.com.br	3.37
711	Eolande	Whimper	ewhimperjq@usnews.com	3.71
712	Guglielmo	Hargraves	ghargravesjr@ucoz.com	3.95
713	Luisa	Lester	llesterjs@icio.us	3.78
714	Joyce	Southby	jsouthbyjt@senate.gov	2.06
715	Kalindi	Skews	kskewsju@reference.com	2.41
716	Giraud	Laxon	glaxonjv@salon.com	2.82
717	Klement	Topaz	ktopazjw@4shared.com	3.5
718	Charlene	Elks	celksjx@theatlantic.com	3.56
719	Aldus	Beedham	abeedhamjy@marriott.com	3.48
720	Leanna	Steenson	lsteensonjz@imageshack.us	3.16
721	Colby	Bellas	cbellask0@livejournal.com	2.45
722	Amelia	Moses	amosesk1@tripadvisor.com	2.9
723	Bette-ann	Layland	blaylandk2@webmd.com	3.85
724	Ajay	Hickenbottom	ahickenbottomk3@com.com	2.68
725	Curt	Pray	cprayk4@intel.com	3.51
726	Lauren	Haslehurst	lhaslehurstk5@amazon.com	2.99
727	Fredrika	Staples	fstaplesk6@macromedia.com	2.96
728	Chrysa	Shaw	cshawk7@1688.com	2.24
729	Wilone	Dur	wdurk8@pbs.org	2.8
730	Almeda	Harlock	aharlockk9@spotify.com	3.87
731	Dacey	Mc Combe	dmccombeka@is.gd	3.15
732	Michaeline	Syratt	msyrattkb@theatlantic.com	2.8
733	Dasie	Thorouggood	dthorouggoodkc@twitpic.com	3.0
734	Toddy	Brachell	tbrachellkd@gov.uk	2.2
735	Bary	Bendall	bbendallke@uiuc.edu	3.98
736	Bryan	Lester	blesterkf@berkeley.edu	2.21
737	Morgen	Rankcom	mrankcomkg@wp.com	2.63
738	Lesley	Beeke	lbeekekh@buzzfeed.com	2.98
739	Hattie	Rix	hrixki@joomla.org	3.52
740	Alyse	Harbisher	aharbisherkj@tripod.com	2.88
741	Dav	Matteotti	dmatteottikk@smugmug.com	2.12
742	Rufe	Pestor	rpestorkl@people.com.cn	2.32
743	Berty	Antoney	bantoneykm@so-net.ne.jp	3.07
744	Garrik	Heighton	gheightonkn@wikimedia.org	3.8
745	Sylvester	Idill	sidillko@squarespace.com	2.12
746	Lorrayne	Scotney	lscotneykp@techcrunch.com	3.48
747	Lira	Sibley	lsibleykq@amazon.com	2.15
748	Tony	Spurling	tspurlingkr@europa.eu	2.28
749	Michael	Gerrad	mgerradks@theglobeandmail.com	2.38
750	Sada	Fiddeman	sfiddemankt@vk.com	2.09
751	Lisa	Tuther	ltutherku@deliciousdays.com	3.15
752	Emmery	Koenen	ekoenenkv@bizjournals.com	3.24
753	Kenn	Gladdin	kgladdinkw@howstuffworks.com	3.38
754	Keri	Spatarul	kspatarulkx@behance.net	3.51
755	Orville	Wybern	owybernky@behance.net	3.91
756	Lavinie	Fardy	lfardykz@tripod.com	3.42
757	Luise	Diviney	ldivineyl0@alibaba.com	2.57
758	Rosemary	Henrique	rhenriquel1@amazon.co.uk	2.24
759	Violante	Sabati	vsabatil2@usatoday.com	2.42
760	Zondra	Reinbeck	zreinbeckl3@utexas.edu	2.08
761	Reg	Banfield	rbanfieldl4@tripadvisor.com	2.58
762	Andi	Amor	aamorl5@yellowpages.com	2.9
763	Enos	Kirwin	ekirwinl6@webs.com	3.15
764	Annmaria	Grayley	agrayleyl7@yahoo.co.jp	2.73
765	Carmelle	Bollis	cbollisl8@topsy.com	2.07
766	Leroi	Lamond	llamondl9@gov.uk	2.33
767	Willy	Pentland	wpentlandla@narod.ru	2.01
768	Gretel	Ralestone	gralestonelb@vimeo.com	3.39
769	Alys	Harvard	aharvardlc@purevolume.com	3.96
770	Kelcey	Purchon	kpurchonld@meetup.com	3.81
771	Corinne	Bampkin	cbampkinle@diigo.com	3.5
772	Tilda	Martignon	tmartignonlf@freewebs.com	2.31
773	Immanuel	Risbridger	irisbridgerlg@51.la	2.8
774	Daphne	Hawksworth	dhawksworthlh@nhs.uk	3.49
775	Roseanne	Forrester	rforresterli@jimdo.com	3.4
776	Alfredo	Lening	aleninglj@marriott.com	3.87
777	Rivkah	Eyton	reytonlk@home.pl	3.8
778	Philis	Pero	pperoll@zdnet.com	3.18
779	Cosetta	McKague	cmckaguelm@prweb.com	3.86
780	Lutero	Pochet	lpochetln@aol.com	3.69
781	Cobb	Klimkovich	cklimkovichlo@jiathis.com	3.6
782	Breanne	Coule	bcoulelp@is.gd	3.07
783	Brett	Debell	bdebelllq@wired.com	3.64
784	Consuelo	Vaillant	cvaillantlr@i2i.jp	2.54
785	Carolin	Robertelli	crobertellils@ucoz.com	3.87
786	Mufi	Roache	mroachelt@admin.ch	2.23
787	Sharlene	Hunte	shuntelu@princeton.edu	2.24
788	Leif	Meadowcroft	lmeadowcroftlv@deviantart.com	3.63
789	Alena	Guslon	aguslonlw@alexa.com	2.55
790	Kamillah	Napolitano	knapolitanolx@unc.edu	2.36
791	Rustin	Shelbourne	rshelbournely@dailymail.co.uk	3.34
792	Dusty	Fahy	dfahylz@instagram.com	3.66
793	Rosella	Bicksteth	rbickstethm0@msu.edu	3.15
794	Chrystal	Verring	cverringm1@utexas.edu	2.88
795	Genovera	Probetts	gprobettsm2@disqus.com	2.24
796	Martica	McClenan	mmcclenanm3@statcounter.com	3.02
797	Magnum	Dakers	mdakersm4@java.com	3.69
798	Sasha	Rays	sraysm5@tinypic.com	3.92
799	Noel	Beves	nbevesm6@hp.com	3.62
800	Caesar	Pogg	cpoggm7@aboutads.info	3.51
801	Tabbi	Nisco	tniscom8@soup.io	3.08
802	Delilah	Yerill	dyerillm9@google.cn	2.89
803	Matthus	Robecon	mrobeconma@drupal.org	3.04
804	Reube	Sharpin	rsharpinmb@moonfruit.com	3.27
805	Sarita	Cheak	scheakmc@dailymotion.com	3.71
806	Petronella	Backhouse	pbackhousemd@wordpress.org	2.81
807	Amandie	Le Pine	alepineme@mashable.com	2.21
808	Noby	McCarver	nmccarvermf@weather.com	3.12
809	Cherye	Carvill	ccarvillmg@addtoany.com	2.64
810	Kyle	Pasley	kpasleymh@nymag.com	2.05
811	Borden	Willas	bwillasmi@is.gd	2.69
812	Margette	Betteney	mbetteneymj@reverbnation.com	3.38
813	Aubrey	Goalley	agoalleymk@facebook.com	2.56
814	Joby	Placide	jplacideml@last.fm	2.44
815	Sonya	Brislawn	sbrislawnmm@bing.com	3.8
816	Karena	Windous	kwindousmn@mlb.com	3.44
817	Zorine	Mityashin	zmityashinmo@technorati.com	2.53
818	Horace	Gallardo	hgallardomp@newyorker.com	2.91
819	Mitchell	Stonuary	mstonuarymq@yolasite.com	3.41
820	Aime	Coast	acoastmr@xrea.com	2.68
821	Nikki	Sciusscietto	nsciussciettoms@sfgate.com	2.9
822	Hashim	Stockill	hstockillmt@harvard.edu	3.54
823	Dru	Thorp	dthorpmu@webmd.com	2.43
824	Agata	Rydzynski	arydzynskimv@zimbio.com	3.53
825	Michael	Bucher	mbuchermw@cafepress.com	2.44
826	Towny	MacKall	tmackallmx@netlog.com	3.76
827	Pauline	Bernon	pbernonmy@example.com	2.41
828	Nikolos	Altofts	naltoftsmz@umn.edu	3.05
829	Christin	Sabater	csabatern0@epa.gov	2.11
830	Dallas	Beesey	dbeeseyn1@walmart.com	3.4
831	Mitchel	Thomason	mthomasonn2@delicious.com	2.25
832	Heddi	Boyne	hboynen3@seesaa.net	2.95
833	Benedicta	Gores	bgoresn4@google.fr	3.72
834	Jules	Kiessel	jkiesseln5@multiply.com	2.42
835	Burnaby	Doorey	bdooreyn6@home.pl	3.98
836	Verene	Orris	vorrisn7@cmu.edu	2.09
837	Ayn	Colbridge	acolbridgen8@amazon.com	2.28
838	Cedric	Betho	cbethon9@bloomberg.com	3.83
839	Sonni	Shenfish	sshenfishna@ca.gov	3.22
840	Ainsley	Siflet	asifletnb@unblog.fr	2.56
841	Dennis	Beddo	dbeddonc@marriott.com	2.57
842	Celinka	Castellani	ccastellanind@nationalgeographic.com	3.87
843	Maren	Capper	mcapperne@infoseek.co.jp	2.87
844	Kattie	Osgardby	kosgardbynf@businessinsider.com	3.65
845	Valdemar	Loutheane	vloutheaneng@nbcnews.com	3.55
846	Domenico	Labroue	dlabrouenh@nationalgeographic.com	3.89
847	Banky	Dahlback	bdahlbackni@technorati.com	2.99
848	Ulrikaumeko	Allum	uallumnj@telegraph.co.uk	2.25
849	Will	McDougall	wmcdougallnk@patch.com	3.34
850	Tracy	Wasbey	twasbeynl@ft.com	2.87
851	Evin	Klamp	eklampnm@wordpress.com	2.95
852	Quent	Matas	qmatasnn@ucoz.com	3.18
853	Jarrid	Tomczak	jtomczakno@wikipedia.org	2.26
854	Thalia	Massimi	tmassiminp@netscape.com	3.26
855	Carver	Leeves	cleevesnq@ovh.net	3.11
856	Alica	Chadband	achadbandnr@psu.edu	3.93
857	Katerine	Quinn	kquinnns@dot.gov	3.55
858	Marline	Embury	memburynt@taobao.com	3.83
859	Cher	McRinn	cmcrinnnu@sun.com	3.81
860	Harv	Costain	hcostainnv@toplist.cz	2.59
861	Bab	Whitwell	bwhitwellnw@g.co	3.04
862	Goldi	McNirlan	gmcnirlannx@dagondesign.com	3.54
863	Dorene	Curtin	dcurtinny@nhs.uk	3.46
864	Sofie	D'Hooghe	sdhooghenz@rediff.com	3.24
865	Pollyanna	Danielczyk	pdanielczyko0@wunderground.com	2.69
866	Angelita	Gwilliam	agwilliamo1@deliciousdays.com	3.51
867	Tatiana	Munt	tmunto2@merriam-webster.com	2.28
868	Ivar	Ayers	iayerso3@yolasite.com	3.51
869	Aarika	Neward	anewardo4@sbwire.com	2.01
870	Inger	Cromie	icromieo5@google.com.br	3.36
871	Daven	Haines	dhaineso6@purevolume.com	2.68
872	Quintilla	Merrilees	qmerrileeso7@tripod.com	2.73
873	Vail	Horribine	vhorribineo8@constantcontact.com	2.38
874	Emalia	Reyes	ereyeso9@mtv.com	3.65
875	Ally	Ivermee	aivermeeoa@acquirethisname.com	3.68
876	Howard	Pethybridge	hpethybridgeob@multiply.com	2.26
877	Darnell	Matt	dmattoc@stanford.edu	2.49
878	Lauritz	Harbertson	lharbertsonod@fc2.com	2.57
879	Magdaia	Chason	mchasonoe@feedburner.com	2.77
880	Sibylle	Simoncello	ssimoncelloof@fotki.com	3.84
881	Boony	Minshull	bminshullog@sitemeter.com	2.11
882	Bibi	Degenhardt	bdegenhardtoh@cyberchimps.com	2.51
883	Andie	Niland	anilandoi@imgur.com	3.37
884	Annabela	Instock	ainstockoj@ucsd.edu	3.82
885	Lanae	Sandcroft	lsandcroftok@taobao.com	3.34
886	Shaw	Joannidi	sjoannidiol@printfriendly.com	3.57
887	Harrietta	Hammerstone	hhammerstoneom@loc.gov	2.05
888	Clyde	Woolvin	cwoolvinon@oakley.com	3.87
889	Tallulah	Witcombe	twitcombeoo@mayoclinic.com	3.02
890	Josias	McEvilly	jmcevillyop@cyberchimps.com	3.18
891	Milly	Skehan	mskehanoq@un.org	3.48
892	Twila	Fincke	tfinckeor@yandex.ru	2.3
893	Renie	Hunnicot	rhunnicotos@instagram.com	2.56
894	Kele	Shortcliffe	kshortcliffeot@shinystat.com	2.8
895	Gauthier	Cutmere	gcutmereou@ihg.com	3.03
896	Xerxes	Gomm	xgommov@cmu.edu	2.96
897	Kurtis	Dobell	kdobellow@jugem.jp	3.95
898	Reba	Fache	rfacheox@home.pl	3.94
899	Gregoire	Bhatia	gbhatiaoy@google.cn	2.59
900	Stephannie	Brimicombe	sbrimicombeoz@miitbeian.gov.cn	3.91
901	Ali	Scholler	aschollerp0@ucla.edu	3.27
902	Mireielle	Habbes	mhabbesp1@technorati.com	3.0
903	Deeyn	Corbet	dcorbetp2@vkontakte.ru	3.25
904	Jasun	Creeboe	jcreeboep3@51.la	3.06
905	Skipper	Penlington	spenlingtonp4@springer.com	3.02
906	Laetitia	Sponer	lsponerp5@biblegateway.com	3.94
907	Davy	Nys	dnysp6@smugmug.com	2.26
908	Vincenz	Evanson	vevansonp7@sciencedirect.com	2.42
909	Camile	Breslauer	cbreslauerp8@google.com.hk	3.14
910	Delmore	Delacroux	ddelacrouxp9@mysql.com	3.44
911	Miran	Newson	mnewsonpa@drupal.org	3.22
912	Zenia	Canet	zcanetpb@time.com	2.19
913	Gerhard	Boumphrey	gboumphreypc@xrea.com	2.32
914	Enrique	Darter	edarterpd@instagram.com	3.51
915	Vincenz	Poytres	vpoytrespe@yahoo.co.jp	2.31
916	Klement	Farenden	kfarendenpf@mac.com	2.04
917	Emogene	Wildber	ewildberpg@mapquest.com	3.13
918	Gerrilee	Mecozzi	gmecozziph@admin.ch	2.74
919	Marcy	Godsafe	mgodsafepi@google.co.jp	2.54
920	Talbot	Sollitt	tsollittpj@g.co	2.52
921	Astrix	Baline	abalinepk@wordpress.com	3.94
922	Griffith	Sykes	gsykespl@soup.io	3.7
923	Eveline	O'Suaird	eosuairdpm@eventbrite.com	3.9
924	Delia	Bolus	dboluspn@irs.gov	3.06
925	Eziechiele	Brenstuhl	ebrenstuhlpo@merriam-webster.com	3.82
926	Janeva	Halifax	jhalifaxpp@nytimes.com	3.84
927	Tedman	Simonite	tsimonitepq@gov.uk	2.35
928	Christabella	Loy	cloypr@google.es	2.4
929	Samaria	Casserley	scasserleyps@canalblog.com	2.27
930	Everard	Aldwick	ealdwickpt@biglobe.ne.jp	3.9
931	Humberto	Harkess	hharkesspu@weibo.com	3.34
932	Harwilll	Follit	hfollitpv@gov.uk	3.66
933	Maybelle	Basey	mbaseypw@drupal.org	2.46
934	Alex	Pitone	apitonepx@networkadvertising.org	2.63
935	Melba	Whitesel	mwhiteselpy@japanpost.jp	2.75
936	Tobey	Odlin	todlinpz@behance.net	2.36
937	Carlene	Udie	cudieq0@craigslist.org	3.32
938	Yance	Bingle	ybingleq1@lycos.com	2.26
939	Kala	Brignell	kbrignellq2@umich.edu	3.61
940	Cynthie	Cheston	cchestonq3@nydailynews.com	3.91
941	Izaak	Holdey	iholdeyq4@51.la	2.64
942	Lion	Josuweit	ljosuweitq5@loc.gov	2.4
943	Kinnie	Hanbidge	khanbidgeq6@slideshare.net	3.33
944	Saraann	Iacomi	siacomiq7@ed.gov	3.96
945	Ximenez	Vant	xvantq8@marketwatch.com	2.8
946	Dante	Stanfield	dstanfieldq9@shop-pro.jp	2.96
947	Rafi	Iredale	riredaleqa@hp.com	3.75
948	Deanna	Wyant	dwyantqb@oaic.gov.au	3.34
949	Ashton	Avramchik	aavramchikqc@cbc.ca	2.56
950	Jody	Carnier	jcarnierqd@shinystat.com	2.53
951	Elwira	Odegaard	eodegaardqe@woothemes.com	3.48
952	Maitilde	Sumshon	msumshonqf@comsenz.com	3.22
953	Raymond	Erdely	rerdelyqg@e-recht24.de	2.83
954	Dari	Godehard.sf	dgodehardsfqh@trellian.com	3.54
955	Justin	Langlands	jlanglandsqi@drupal.org	2.01
956	Lynne	Combes	lcombesqj@example.com	2.9
957	Toinette	Laird-Craig	tlairdcraigqk@acquirethisname.com	2.08
958	Bartholomeus	Sketcher	bsketcherql@google.co.jp	2.27
959	Cathleen	Stelle	cstelleqm@trellian.com	2.41
960	Dannie	Ordemann	dordemannqn@odnoklassniki.ru	2.13
961	Kala	Boorne	kboorneqo@goo.ne.jp	2.9
962	Budd	Parkman	bparkmanqp@ovh.net	2.6
963	Kareem	Briscam	kbriscamqq@loc.gov	3.61
964	Enoch	Baxter	ebaxterqr@narod.ru	3.22
965	Joceline	Hilland	jhillandqs@biglobe.ne.jp	2.56
966	Noe	Phibb	nphibbqt@linkedin.com	3.18
967	Damian	Cotty	dcottyqu@fotki.com	3.1
968	Terrie	Lack	tlackqv@apple.com	3.11
969	Gretna	Jerram	gjerramqw@amazon.com	3.07
970	Burgess	Umney	bumneyqx@google.co.uk	2.9
971	Corty	Warkup	cwarkupqy@meetup.com	2.8
972	Dannie	Reynoollds	dreynoolldsqz@tripod.com	2.65
973	Ruthi	Silbersak	rsilbersakr0@google.es	2.62
974	Zackariah	Hansel	zhanselr1@cmu.edu	2.08
975	Teddy	Ashbridge	tashbridger2@netvibes.com	3.85
976	Margaux	Lanphere	mlanpherer3@nymag.com	3.12
977	Erna	Hilbourne	ehilbourner4@princeton.edu	2.65
978	Euell	Ulyatt	eulyattr5@hostgator.com	2.76
979	Sherlock	Morhall	smorhallr6@cdbaby.com	2.39
980	Courtnay	O'Lyhane	colyhaner7@bizjournals.com	2.15
981	Elspeth	Mackney	emackneyr8@abc.net.au	3.12
982	Alanson	Kupisz	akupiszr9@fema.gov	3.94
983	Madelon	Crossthwaite	mcrossthwaitera@people.com.cn	2.71
984	Morgun	Crawshaw	mcrawshawrb@typepad.com	2.27
985	Jaquith	Addicott	jaddicottrc@feedburner.com	3.27
986	Valentina	Carrier	vcarrierrd@nsw.gov.au	3.32
987	Sebastiano	Fike	sfikere@hhs.gov	3.53
988	Sollie	Grosier	sgrosierrf@list-manage.com	3.18
989	Shellie	Crook	scrookrg@webnode.com	2.77
990	Alix	MacGinlay	amacginlayrh@storify.com	3.99
991	Adria	Camblin	acamblinri@goo.ne.jp	2.16
992	Rae	Elphick	relphickrj@buzzfeed.com	3.83
993	Jaimie	Belf	jbelfrk@a8.net	2.58
994	Adelaida	Fillery	afilleryrl@studiopress.com	3.62
995	Alameda	Stollenwerck	astollenwerckrm@independent.co.uk	2.46
996	Donny	Lightbourne	dlightbournern@indiegogo.com	3.18
997	Zebulon	Fullicks	zfullicksro@facebook.com	3.76
998	Barth	Harrower	bharrowerrp@addtoany.com	3.95
999	Rheta	Chung	rchungrq@etsy.com	2.78
1000	Florette	Hosby	fhosbyrr@hostgator.com	3.36
